data_pagamento,ano,mes,id_tempo
2015-01-05,2015,1,1
2015-01-07,2015,1,2
2015-01-08,2015,1,3
2015-01-09,2015,1,4
2015-01-12,2015,1,5
2015-01-13,2015,1,6
2015-01-14,2015,1,7
2015-01-15,2015,1,8
2015-01-16,2015,1,9
2015-01-19,2015,1,10
2015-01-20,2015,1,11
2015-01-21,2015,1,12
2015-01-26,2015,1,13
2015-01-28,2015,1,14
2015-01-29,2015,1,15
2015-01-30,2015,1,16
2015-02-02,2015,2,17
2015-02-05,2015,2,18
2015-02-10,2015,2,19
2015-02-11,2015,2,20
2015-02-12,2015,2,21
2015-02-13,2015,2,22
2015-02-19,2015,2,23
2015-02-20,2015,2,24
2015-02-23,2015,2,25
2015-02-24,2015,2,26
2015-02-25,2015,2,27
2015-02-26,2015,2,28
2015-02-27,2015,2,29
2015-03-02,2015,3,30
2015-03-04,2015,3,31
2015-03-05,2015,3,32
2015-03-06,2015,3,33
2015-03-09,2015,3,34
2015-03-10,2015,3,35
2015-03-11,2015,3,36
2015-03-16,2015,3,37
2015-03-17,2015,3,38
2015-03-18,2015,3,39
2015-03-19,2015,3,40
2015-03-20,2015,3,41
2015-03-23,2015,3,42
2015-03-24,2015,3,43
2015-03-25,2015,3,44
2015-03-26,2015,3,45
2015-03-27,2015,3,46
2015-03-30,2015,3,47
2015-03-31,2015,3,48
2015-04-01,2015,4,49
2015-04-02,2015,4,50
2015-04-06,2015,4,51
2015-04-07,2015,4,52
2015-04-08,2015,4,53
2015-04-09,2015,4,54
2015-04-10,2015,4,55
2015-04-13,2015,4,56
2015-04-14,2015,4,57
2015-04-15,2015,4,58
2015-04-16,2015,4,59
2015-04-17,2015,4,60
2015-04-20,2015,4,61
2015-04-22,2015,4,62
2015-04-23,2015,4,63
2015-04-24,2015,4,64
2015-04-27,2015,4,65
2015-04-28,2015,4,66
2015-04-29,2015,4,67
2015-04-30,2015,4,68
2015-05-04,2015,5,69
2015-05-05,2015,5,70
2015-05-06,2015,5,71
2015-05-07,2015,5,72
2015-05-08,2015,5,73
2015-05-11,2015,5,74
2015-05-12,2015,5,75
2015-05-13,2015,5,76
2015-05-15,2015,5,77
2015-05-18,2015,5,78
2015-05-19,2015,5,79
2015-05-20,2015,5,80
2015-05-22,2015,5,81
2015-05-25,2015,5,82
2015-05-26,2015,5,83
2015-05-27,2015,5,84
2015-05-29,2015,5,85
2015-06-01,2015,6,86
2015-06-02,2015,6,87
2015-06-03,2015,6,88
2015-06-08,2015,6,89
2015-06-10,2015,6,90
2015-06-11,2015,6,91
2015-06-12,2015,6,92
2015-06-16,2015,6,93
2015-06-17,2015,6,94
2015-06-18,2015,6,95
2015-06-19,2015,6,96
2015-06-22,2015,6,97
2015-06-23,2015,6,98
2015-06-24,2015,6,99
2015-06-25,2015,6,100
2015-06-26,2015,6,101
2015-06-29,2015,6,102
2015-06-30,2015,6,103
2015-07-01,2015,7,104
2015-07-02,2015,7,105
2015-07-03,2015,7,106
2015-07-06,2015,7,107
2015-07-07,2015,7,108
2015-07-08,2015,7,109
2015-07-09,2015,7,110
2015-07-10,2015,7,111
2015-07-13,2015,7,112
2015-07-14,2015,7,113
2015-07-15,2015,7,114
2015-07-16,2015,7,115
2015-07-17,2015,7,116
2015-07-20,2015,7,117
2015-07-21,2015,7,118
2015-07-22,2015,7,119
2015-07-23,2015,7,120
2015-07-24,2015,7,121
2015-07-27,2015,7,122
2015-07-30,2015,7,123
2015-07-31,2015,7,124
2015-08-03,2015,8,125
2015-08-04,2015,8,126
2015-08-05,2015,8,127
2015-08-07,2015,8,128
2015-08-10,2015,8,129
2015-08-11,2015,8,130
2015-08-12,2015,8,131
2015-08-13,2015,8,132
2015-08-14,2015,8,133
2015-08-17,2015,8,134
2015-08-18,2015,8,135
2015-08-19,2015,8,136
2015-08-20,2015,8,137
2015-08-21,2015,8,138
2015-08-24,2015,8,139
2015-08-25,2015,8,140
2015-08-27,2015,8,141
2015-08-28,2015,8,142
2015-08-31,2015,8,143
2015-09-01,2015,9,144
2015-09-02,2015,9,145
2015-09-03,2015,9,146
2015-09-04,2015,9,147
2015-09-08,2015,9,148
2015-09-09,2015,9,149
2015-09-10,2015,9,150
2015-09-14,2015,9,151
2015-09-16,2015,9,152
2015-09-17,2015,9,153
2015-09-18,2015,9,154
2015-09-21,2015,9,155
2015-09-23,2015,9,156
2015-09-29,2015,9,157
2015-09-30,2015,9,158
2015-10-01,2015,10,159
2015-10-02,2015,10,160
2015-10-05,2015,10,161
2015-10-06,2015,10,162
2015-10-07,2015,10,163
2015-10-08,2015,10,164
2015-10-09,2015,10,165
2015-10-13,2015,10,166
2015-10-14,2015,10,167
2015-10-16,2015,10,168
2015-10-19,2015,10,169
2015-10-20,2015,10,170
2015-10-21,2015,10,171
2015-10-22,2015,10,172
2015-10-23,2015,10,173
2015-10-26,2015,10,174
2015-10-27,2015,10,175
2015-10-28,2015,10,176
2015-10-29,2015,10,177
2015-10-30,2015,10,178
2015-11-03,2015,11,179
2015-11-04,2015,11,180
2015-11-05,2015,11,181
2015-11-06,2015,11,182
2015-11-09,2015,11,183
2015-11-10,2015,11,184
2015-11-11,2015,11,185
2015-11-12,2015,11,186
2015-11-13,2015,11,187
2015-11-16,2015,11,188
2015-11-17,2015,11,189
2015-11-18,2015,11,190
2015-11-19,2015,11,191
2015-11-20,2015,11,192
2015-11-23,2015,11,193
2015-11-24,2015,11,194
2015-11-25,2015,11,195
2015-11-26,2015,11,196
2015-11-27,2015,11,197
2015-11-30,2015,11,198
2015-12-04,2015,12,199
2015-12-07,2015,12,200
2015-12-08,2015,12,201
2015-12-09,2015,12,202
2015-12-10,2015,12,203
2015-12-11,2015,12,204
2015-12-14,2015,12,205
2015-12-15,2015,12,206
2015-12-16,2015,12,207
2015-12-17,2015,12,208
2015-12-18,2015,12,209
2015-12-21,2015,12,210
2015-12-22,2015,12,211
2015-12-23,2015,12,212
2015-12-29,2015,12,213
2015-12-30,2015,12,214
2015-12-31,2015,12,215
2016-01-07,2016,1,216
2016-01-08,2016,1,217
2016-01-11,2016,1,218
2016-01-12,2016,1,219
2016-01-15,2016,1,220
2016-01-18,2016,1,221
2016-01-19,2016,1,222
2016-01-20,2016,1,223
2016-01-21,2016,1,224
2016-01-26,2016,1,225
2016-01-27,2016,1,226
2016-01-28,2016,1,227
2016-01-29,2016,1,228
2016-02-01,2016,2,229
2016-02-02,2016,2,230
2016-02-03,2016,2,231
2016-02-04,2016,2,232
2016-02-05,2016,2,233
2016-02-10,2016,2,234
2016-02-12,2016,2,235
2016-02-15,2016,2,236
2016-02-16,2016,2,237
2016-02-17,2016,2,238
2016-02-18,2016,2,239
2016-02-19,2016,2,240
2016-02-22,2016,2,241
2016-02-23,2016,2,242
2016-02-24,2016,2,243
2016-02-25,2016,2,244
2016-02-26,2016,2,245
2016-02-29,2016,2,246
2016-03-01,2016,3,247
2016-03-02,2016,3,248
2016-03-03,2016,3,249
2016-03-04,2016,3,250
2016-03-07,2016,3,251
2016-03-08,2016,3,252
2016-03-09,2016,3,253
2016-03-10,2016,3,254
2016-03-11,2016,3,255
2016-03-15,2016,3,256
2016-03-16,2016,3,257
2016-03-18,2016,3,258
2016-03-21,2016,3,259
2016-03-22,2016,3,260
2016-03-23,2016,3,261
2016-03-28,2016,3,262
2016-03-29,2016,3,263
2016-03-30,2016,3,264
2016-03-31,2016,3,265
2016-04-01,2016,4,266
2016-04-04,2016,4,267
2016-04-05,2016,4,268
2016-04-06,2016,4,269
2016-04-07,2016,4,270
2016-04-08,2016,4,271
2016-04-11,2016,4,272
2016-04-13,2016,4,273
2016-04-14,2016,4,274
2016-04-15,2016,4,275
2016-04-18,2016,4,276
2016-04-19,2016,4,277
2016-04-20,2016,4,278
2016-04-25,2016,4,279
2016-04-26,2016,4,280
2016-04-27,2016,4,281
2016-04-28,2016,4,282
2016-04-29,2016,4,283
2016-05-02,2016,5,284
2016-05-03,2016,5,285
2016-05-04,2016,5,286
2016-05-05,2016,5,287
2016-05-06,2016,5,288
2016-05-09,2016,5,289
2016-05-10,2016,5,290
2016-05-11,2016,5,291
2016-05-12,2016,5,292
2016-05-13,2016,5,293
2016-05-16,2016,5,294
2016-05-17,2016,5,295
2016-05-18,2016,5,296
2016-05-19,2016,5,297
2016-05-20,2016,5,298
2016-05-23,2016,5,299
2016-05-24,2016,5,300
2016-05-25,2016,5,301
2016-05-27,2016,5,302
2016-05-30,2016,5,303
2016-05-31,2016,5,304
2016-06-01,2016,6,305
2016-06-02,2016,6,306
2016-06-03,2016,6,307
2016-06-06,2016,6,308
2016-06-07,2016,6,309
2016-06-08,2016,6,310
2016-06-09,2016,6,311
2016-06-10,2016,6,312
2016-06-13,2016,6,313
2016-06-14,2016,6,314
2016-06-15,2016,6,315
2016-06-16,2016,6,316
2016-06-17,2016,6,317
2016-06-20,2016,6,318
2016-06-21,2016,6,319
2016-06-22,2016,6,320
2016-06-24,2016,6,321
2016-06-28,2016,6,322
2016-06-30,2016,6,323
2016-07-01,2016,7,324
2016-07-04,2016,7,325
2016-07-05,2016,7,326
2016-07-06,2016,7,327
2016-07-07,2016,7,328
2016-07-08,2016,7,329
2016-07-11,2016,7,330
2016-07-12,2016,7,331
2016-07-13,2016,7,332
2016-07-14,2016,7,333
2016-07-18,2016,7,334
2016-07-19,2016,7,335
2016-07-20,2016,7,336
2016-07-21,2016,7,337
2016-07-22,2016,7,338
2016-07-25,2016,7,339
2016-07-26,2016,7,340
2016-07-27,2016,7,341
2016-07-28,2016,7,342
2016-07-29,2016,7,343
2016-08-01,2016,8,344
2016-08-02,2016,8,345
2016-08-03,2016,8,346
2016-08-05,2016,8,347
2016-08-08,2016,8,348
2016-08-09,2016,8,349
2016-08-10,2016,8,350
2016-08-11,2016,8,351
2016-08-16,2016,8,352
2016-08-17,2016,8,353
2016-08-18,2016,8,354
2016-08-19,2016,8,355
2016-08-22,2016,8,356
2016-08-23,2016,8,357
2016-08-24,2016,8,358
2016-08-25,2016,8,359
2016-08-26,2016,8,360
2016-08-30,2016,8,361
2016-08-31,2016,8,362
2016-09-01,2016,9,363
2016-09-02,2016,9,364
2016-09-05,2016,9,365
2016-09-08,2016,9,366
2016-09-09,2016,9,367
2016-09-12,2016,9,368
2016-09-13,2016,9,369
2016-09-14,2016,9,370
2016-09-15,2016,9,371
2016-09-16,2016,9,372
2016-09-20,2016,9,373
2016-09-21,2016,9,374
2016-09-22,2016,9,375
2016-09-23,2016,9,376
2016-09-26,2016,9,377
2016-09-27,2016,9,378
2016-09-28,2016,9,379
2016-09-29,2016,9,380
2016-09-30,2016,9,381
2016-10-03,2016,10,382
2016-10-05,2016,10,383
2016-10-06,2016,10,384
2016-10-07,2016,10,385
2016-10-10,2016,10,386
2016-10-13,2016,10,387
2016-10-14,2016,10,388
2016-10-17,2016,10,389
2016-10-18,2016,10,390
2016-10-19,2016,10,391
2016-10-20,2016,10,392
2016-10-21,2016,10,393
2016-10-24,2016,10,394
2016-10-25,2016,10,395
2016-10-26,2016,10,396
2016-10-27,2016,10,397
2016-10-28,2016,10,398
2016-10-31,2016,10,399
2016-11-01,2016,11,400
2016-11-03,2016,11,401
2016-11-04,2016,11,402
2016-11-07,2016,11,403
2016-11-08,2016,11,404
2016-11-09,2016,11,405
2016-11-10,2016,11,406
2016-11-11,2016,11,407
2016-11-16,2016,11,408
2016-11-17,2016,11,409
2016-11-18,2016,11,410
2016-11-21,2016,11,411
2016-11-22,2016,11,412
2016-11-23,2016,11,413
2016-11-24,2016,11,414
2016-11-25,2016,11,415
2016-11-28,2016,11,416
2016-11-29,2016,11,417
2016-11-30,2016,11,418
2016-12-01,2016,12,419
2016-12-02,2016,12,420
2016-12-05,2016,12,421
2016-12-06,2016,12,422
2016-12-07,2016,12,423
2016-12-08,2016,12,424
2016-12-09,2016,12,425
2016-12-12,2016,12,426
2016-12-13,2016,12,427
2016-12-14,2016,12,428
2016-12-15,2016,12,429
2016-12-16,2016,12,430
2016-12-19,2016,12,431
2016-12-20,2016,12,432
2016-12-21,2016,12,433
2016-12-22,2016,12,434
2016-12-23,2016,12,435
2016-12-27,2016,12,436
2016-12-28,2016,12,437
2016-12-29,2016,12,438
2016-12-30,2016,12,439
2017-01-10,2017,1,440
2017-01-11,2017,1,441
2017-01-12,2017,1,442
2017-01-13,2017,1,443
2017-01-16,2017,1,444
2017-01-17,2017,1,445
2017-01-20,2017,1,446
2017-01-23,2017,1,447
2017-01-24,2017,1,448
2017-01-25,2017,1,449
2017-01-26,2017,1,450
2017-01-27,2017,1,451
2017-01-30,2017,1,452
2017-01-31,2017,1,453
2017-02-01,2017,2,454
2017-02-02,2017,2,455
2017-02-03,2017,2,456
2017-02-07,2017,2,457
2017-02-08,2017,2,458
2017-02-09,2017,2,459
2017-02-10,2017,2,460
2017-02-13,2017,2,461
2017-02-14,2017,2,462
2017-02-15,2017,2,463
2017-02-16,2017,2,464
2017-02-17,2017,2,465
2017-02-20,2017,2,466
2017-02-21,2017,2,467
2017-02-22,2017,2,468
2017-02-23,2017,2,469
2017-02-24,2017,2,470
2017-03-01,2017,3,471
2017-03-02,2017,3,472
2017-03-03,2017,3,473
2017-03-06,2017,3,474
2017-03-07,2017,3,475
2017-03-08,2017,3,476
2017-03-09,2017,3,477
2017-03-10,2017,3,478
2017-03-14,2017,3,479
2017-03-15,2017,3,480
2017-03-16,2017,3,481
2017-03-17,2017,3,482
2017-03-20,2017,3,483
2017-03-21,2017,3,484
2017-03-22,2017,3,485
2017-03-23,2017,3,486
2017-03-24,2017,3,487
2017-03-27,2017,3,488
2017-03-28,2017,3,489
2017-03-29,2017,3,490
2017-03-30,2017,3,491
2017-03-31,2017,3,492
2017-04-03,2017,4,493
2017-04-04,2017,4,494
2017-04-05,2017,4,495
2017-04-06,2017,4,496
2017-04-07,2017,4,497
2017-04-10,2017,4,498
2017-04-11,2017,4,499
2017-04-12,2017,4,500
2017-04-17,2017,4,501
2017-04-19,2017,4,502
2017-04-20,2017,4,503
2017-04-24,2017,4,504
2017-04-25,2017,4,505
2017-04-26,2017,4,506
2017-04-27,2017,4,507
2017-04-28,2017,4,508
2017-05-02,2017,5,509
2017-05-03,2017,5,510
2017-05-04,2017,5,511
2017-05-05,2017,5,512
2017-05-08,2017,5,513
2017-05-09,2017,5,514
2017-05-10,2017,5,515
2017-05-11,2017,5,516
2017-05-15,2017,5,517
2017-05-16,2017,5,518
2017-05-17,2017,5,519
2017-05-18,2017,5,520
2017-05-19,2017,5,521
2017-05-22,2017,5,522
2017-05-23,2017,5,523
2017-05-24,2017,5,524
2017-05-25,2017,5,525
2017-05-26,2017,5,526
2017-05-29,2017,5,527
2017-05-30,2017,5,528
2017-05-31,2017,5,529
2017-06-01,2017,6,530
2017-06-02,2017,6,531
2017-06-05,2017,6,532
2017-06-06,2017,6,533
2017-06-07,2017,6,534
2017-06-08,2017,6,535
2017-06-09,2017,6,536
2017-06-12,2017,6,537
2017-06-13,2017,6,538
2017-06-14,2017,6,539
2017-06-19,2017,6,540
2017-06-20,2017,6,541
2017-06-21,2017,6,542
2017-06-23,2017,6,543
2017-06-26,2017,6,544
2017-06-27,2017,6,545
2017-06-28,2017,6,546
2017-06-29,2017,6,547
2017-06-30,2017,6,548
2017-07-03,2017,7,549
2017-07-05,2017,7,550
2017-07-06,2017,7,551
2017-07-07,2017,7,552
2017-07-10,2017,7,553
2017-07-11,2017,7,554
2017-07-12,2017,7,555
2017-07-14,2017,7,556
2017-07-17,2017,7,557
2017-07-18,2017,7,558
2017-07-19,2017,7,559
2017-07-20,2017,7,560
2017-07-24,2017,7,561
2017-07-25,2017,7,562
2017-07-26,2017,7,563
2017-07-27,2017,7,564
2017-07-28,2017,7,565
2017-07-31,2017,7,566
2017-08-01,2017,8,567
2017-08-02,2017,8,568
2017-08-03,2017,8,569
2017-08-04,2017,8,570
2017-08-07,2017,8,571
2017-08-08,2017,8,572
2017-08-09,2017,8,573
2017-08-10,2017,8,574
2017-08-11,2017,8,575
2017-08-16,2017,8,576
2017-08-17,2017,8,577
2017-08-18,2017,8,578
2017-08-21,2017,8,579
2017-08-22,2017,8,580
2017-08-23,2017,8,581
2017-08-24,2017,8,582
2017-08-25,2017,8,583
2017-08-28,2017,8,584
2017-08-29,2017,8,585
2017-08-30,2017,8,586
2017-08-31,2017,8,587
2017-09-01,2017,9,588
2017-09-04,2017,9,589
2017-09-05,2017,9,590
2017-09-06,2017,9,591
2017-09-08,2017,9,592
2017-09-11,2017,9,593
2017-09-12,2017,9,594
2017-09-13,2017,9,595
2017-09-14,2017,9,596
2017-09-15,2017,9,597
2017-09-18,2017,9,598
2017-09-19,2017,9,599
2017-09-20,2017,9,600
2017-09-21,2017,9,601
2017-09-22,2017,9,602
2017-09-25,2017,9,603
2017-09-26,2017,9,604
2017-09-27,2017,9,605
2017-09-28,2017,9,606
2017-09-29,2017,9,607
2017-10-02,2017,10,608
2017-10-03,2017,10,609
2017-10-04,2017,10,610
2017-10-05,2017,10,611
2017-10-06,2017,10,612
2017-10-09,2017,10,613
2017-10-10,2017,10,614
2017-10-11,2017,10,615
2017-10-16,2017,10,616
2017-10-17,2017,10,617
2017-10-18,2017,10,618
2017-10-19,2017,10,619
2017-10-20,2017,10,620
2017-10-23,2017,10,621
2017-10-24,2017,10,622
2017-10-25,2017,10,623
2017-10-26,2017,10,624
2017-10-27,2017,10,625
2017-10-30,2017,10,626
2017-10-31,2017,10,627
2017-11-01,2017,11,628
2017-11-06,2017,11,629
2017-11-07,2017,11,630
2017-11-08,2017,11,631
2017-11-09,2017,11,632
2017-11-10,2017,11,633
2017-11-13,2017,11,634
2017-11-14,2017,11,635
2017-11-16,2017,11,636
2017-11-17,2017,11,637
2017-11-20,2017,11,638
2017-11-21,2017,11,639
2017-11-22,2017,11,640
2017-11-23,2017,11,641
2017-11-27,2017,11,642
2017-11-28,2017,11,643
2017-11-30,2017,11,644
2017-12-01,2017,12,645
2017-12-04,2017,12,646
2017-12-05,2017,12,647
2017-12-06,2017,12,648
2017-12-07,2017,12,649
2017-12-08,2017,12,650
2017-12-11,2017,12,651
2017-12-12,2017,12,652
2017-12-13,2017,12,653
2017-12-14,2017,12,654
2017-12-15,2017,12,655
2017-12-18,2017,12,656
2017-12-19,2017,12,657
2017-12-20,2017,12,658
2017-12-21,2017,12,659
2017-12-22,2017,12,660
2017-12-26,2017,12,661
2017-12-27,2017,12,662
2017-12-28,2017,12,663
2017-12-29,2017,12,664
2018-01-02,2018,1,665
2018-01-03,2018,1,666
2018-01-05,2018,1,667
2018-01-09,2018,1,668
2018-01-10,2018,1,669
2018-01-11,2018,1,670
2018-01-15,2018,1,671
2018-01-16,2018,1,672
2018-01-18,2018,1,673
2018-01-19,2018,1,674
2018-01-23,2018,1,675
2018-01-24,2018,1,676
2018-01-25,2018,1,677
2018-01-26,2018,1,678
2018-01-29,2018,1,679
2018-01-30,2018,1,680
2018-01-31,2018,1,681
2018-02-01,2018,2,682
2018-02-02,2018,2,683
2018-02-05,2018,2,684
2018-02-06,2018,2,685
2018-02-07,2018,2,686
2018-02-08,2018,2,687
2018-02-09,2018,2,688
2018-02-15,2018,2,689
2018-02-16,2018,2,690
2018-02-19,2018,2,691
2018-02-20,2018,2,692
2018-02-21,2018,2,693
2018-02-22,2018,2,694
2018-02-23,2018,2,695
2018-02-26,2018,2,696
2018-02-27,2018,2,697
2018-02-28,2018,2,698
2018-03-01,2018,3,699
2018-03-05,2018,3,700
2018-03-06,2018,3,701
2018-03-08,2018,3,702
2018-03-09,2018,3,703
2018-03-12,2018,3,704
2018-03-13,2018,3,705
2018-03-14,2018,3,706
2018-03-15,2018,3,707
2018-03-16,2018,3,708
2018-03-19,2018,3,709
2018-03-20,2018,3,710
2018-03-22,2018,3,711
2018-03-23,2018,3,712
2018-03-26,2018,3,713
2018-03-27,2018,3,714
2018-03-28,2018,3,715
2018-03-29,2018,3,716
2018-04-02,2018,4,717
2018-04-03,2018,4,718
2018-04-04,2018,4,719
2018-04-06,2018,4,720
2018-04-09,2018,4,721
2018-04-10,2018,4,722
2018-04-11,2018,4,723
2018-04-12,2018,4,724
2018-04-13,2018,4,725
2018-04-16,2018,4,726
2018-04-17,2018,4,727
2018-04-18,2018,4,728
2018-04-19,2018,4,729
2018-04-20,2018,4,730
2018-04-23,2018,4,731
2018-04-24,2018,4,732
2018-04-25,2018,4,733
2018-04-26,2018,4,734
2018-04-27,2018,4,735
2018-04-30,2018,4,736
2018-05-02,2018,5,737
2018-05-03,2018,5,738
2018-05-04,2018,5,739
2018-05-07,2018,5,740
2018-05-08,2018,5,741
2018-05-09,2018,5,742
2018-05-10,2018,5,743
2018-05-11,2018,5,744
2018-05-14,2018,5,745
2018-05-16,2018,5,746
2018-05-17,2018,5,747
2018-05-18,2018,5,748
2018-05-21,2018,5,749
2018-05-22,2018,5,750
2018-05-23,2018,5,751
2018-05-24,2018,5,752
2018-05-25,2018,5,753
2018-05-28,2018,5,754
2018-05-29,2018,5,755
2018-05-30,2018,5,756
2018-06-04,2018,6,757
2018-06-05,2018,6,758
2018-06-06,2018,6,759
2018-06-07,2018,6,760
2018-06-08,2018,6,761
2018-06-11,2018,6,762
2018-06-12,2018,6,763
2018-06-13,2018,6,764
2018-06-14,2018,6,765
2018-06-18,2018,6,766
2018-06-19,2018,6,767
2018-06-20,2018,6,768
2018-06-21,2018,6,769
2018-06-22,2018,6,770
2018-06-25,2018,6,771
2018-06-26,2018,6,772
2018-06-27,2018,6,773
2018-06-28,2018,6,774
2018-06-29,2018,6,775
2018-07-02,2018,7,776
2018-07-03,2018,7,777
2018-07-04,2018,7,778
2018-07-05,2018,7,779
2018-07-06,2018,7,780
2018-07-09,2018,7,781
2018-07-10,2018,7,782
2018-07-11,2018,7,783
2018-07-12,2018,7,784
2018-07-13,2018,7,785
2018-07-16,2018,7,786
2018-07-17,2018,7,787
2018-07-18,2018,7,788
2018-07-19,2018,7,789
2018-07-20,2018,7,790
2018-07-23,2018,7,791
2018-07-24,2018,7,792
2018-07-25,2018,7,793
2018-07-26,2018,7,794
2018-07-27,2018,7,795
2018-07-30,2018,7,796
2018-07-31,2018,7,797
2018-08-01,2018,8,798
2018-08-02,2018,8,799
2018-08-03,2018,8,800
2018-08-06,2018,8,801
2018-08-07,2018,8,802
2018-08-08,2018,8,803
2018-08-09,2018,8,804
2018-08-10,2018,8,805
2018-08-13,2018,8,806
2018-08-14,2018,8,807
2018-08-16,2018,8,808
2018-08-17,2018,8,809
2018-08-20,2018,8,810
2018-08-21,2018,8,811
2018-08-22,2018,8,812
2018-08-23,2018,8,813
2018-08-24,2018,8,814
2018-08-27,2018,8,815
2018-08-28,2018,8,816
2018-08-29,2018,8,817
2018-08-30,2018,8,818
2018-08-31,2018,8,819
2018-09-03,2018,9,820
2018-09-04,2018,9,821
2018-09-05,2018,9,822
2018-09-06,2018,9,823
2018-09-10,2018,9,824
2018-09-11,2018,9,825
2018-09-12,2018,9,826
2018-09-13,2018,9,827
2018-09-14,2018,9,828
2018-09-17,2018,9,829
2018-09-19,2018,9,830
2018-09-20,2018,9,831
2018-09-21,2018,9,832
2018-09-24,2018,9,833
2018-09-25,2018,9,834
2018-09-26,2018,9,835
2018-09-27,2018,9,836
2018-09-28,2018,9,837
2018-10-01,2018,10,838
2018-10-02,2018,10,839
2018-10-03,2018,10,840
2018-10-04,2018,10,841
2018-10-05,2018,10,842
2018-10-08,2018,10,843
2018-10-09,2018,10,844
2018-10-10,2018,10,845
2018-10-11,2018,10,846
2018-10-16,2018,10,847
2018-10-18,2018,10,848
2018-10-19,2018,10,849
2018-10-22,2018,10,850
2018-10-23,2018,10,851
2018-10-24,2018,10,852
2018-10-25,2018,10,853
2018-10-26,2018,10,854
2018-10-29,2018,10,855
2018-10-30,2018,10,856
2018-10-31,2018,10,857
2018-11-01,2018,11,858
2018-11-05,2018,11,859
2018-11-06,2018,11,860
2018-11-07,2018,11,861
2018-11-08,2018,11,862
2018-11-09,2018,11,863
2018-11-12,2018,11,864
2018-11-13,2018,11,865
2018-11-14,2018,11,866
2018-11-16,2018,11,867
2018-11-19,2018,11,868
2018-11-20,2018,11,869
2018-11-21,2018,11,870
2018-11-22,2018,11,871
2018-11-23,2018,11,872
2018-11-26,2018,11,873
2018-11-27,2018,11,874
2018-11-28,2018,11,875
2018-11-29,2018,11,876
2018-11-30,2018,11,877
2018-12-03,2018,12,878
2018-12-04,2018,12,879
2018-12-05,2018,12,880
2018-12-06,2018,12,881
2018-12-07,2018,12,882
2018-12-10,2018,12,883
2018-12-11,2018,12,884
2018-12-12,2018,12,885
2018-12-13,2018,12,886
2018-12-14,2018,12,887
2018-12-17,2018,12,888
2018-12-18,2018,12,889
2018-12-19,2018,12,890
2018-12-20,2018,12,891
2018-12-21,2018,12,892
2018-12-24,2018,12,893
2018-12-26,2018,12,894
2018-12-27,2018,12,895
2018-12-28,2018,12,896
2018-12-31,2018,12,897
2019-01-02,2019,1,898
2019-01-03,2019,1,899
2019-01-07,2019,1,900
2019-01-08,2019,1,901
2019-01-09,2019,1,902
2019-01-10,2019,1,903
2019-01-11,2019,1,904
2019-01-14,2019,1,905
2019-01-15,2019,1,906
2019-01-16,2019,1,907
2019-01-17,2019,1,908
2019-01-18,2019,1,909
2019-01-21,2019,1,910
2019-01-22,2019,1,911
2019-01-23,2019,1,912
2019-01-24,2019,1,913
2019-01-25,2019,1,914
2019-01-28,2019,1,915
2019-01-29,2019,1,916
2019-01-30,2019,1,917
2019-01-31,2019,1,918
2019-02-01,2019,2,919
2019-02-04,2019,2,920
2019-02-05,2019,2,921
2019-02-06,2019,2,922
2019-02-07,2019,2,923
2019-02-08,2019,2,924
2019-02-11,2019,2,925
2019-02-12,2019,2,926
2019-02-13,2019,2,927
2019-02-14,2019,2,928
2019-02-18,2019,2,929
2019-02-19,2019,2,930
2019-02-20,2019,2,931
2019-02-21,2019,2,932
2019-02-22,2019,2,933
2019-02-25,2019,2,934
2019-02-27,2019,2,935
2019-02-28,2019,2,936
2019-03-01,2019,3,937
2019-03-06,2019,3,938
2019-03-07,2019,3,939
2019-03-08,2019,3,940
2019-03-11,2019,3,941
2019-03-12,2019,3,942
2019-03-13,2019,3,943
2019-03-14,2019,3,944
2019-03-15,2019,3,945
2019-03-18,2019,3,946
2019-03-19,2019,3,947
2019-03-20,2019,3,948
2019-03-21,2019,3,949
2019-03-22,2019,3,950
2019-03-25,2019,3,951
2019-03-26,2019,3,952
2019-03-27,2019,3,953
2019-03-28,2019,3,954
2019-03-29,2019,3,955
2019-04-01,2019,4,956
2019-04-02,2019,4,957
2019-04-03,2019,4,958
2019-04-04,2019,4,959
2019-04-05,2019,4,960
2019-04-08,2019,4,961
2019-04-09,2019,4,962
2019-04-10,2019,4,963
2019-04-11,2019,4,964
2019-04-12,2019,4,965
2019-04-15,2019,4,966
2019-04-16,2019,4,967
2019-04-17,2019,4,968
2019-04-18,2019,4,969
2019-04-22,2019,4,970
2019-04-23,2019,4,971
2019-04-24,2019,4,972
2019-04-25,2019,4,973
2019-04-26,2019,4,974
2019-04-29,2019,4,975
2019-04-30,2019,4,976
2019-05-02,2019,5,977
2019-05-03,2019,5,978
2019-05-06,2019,5,979
2019-05-07,2019,5,980
2019-05-08,2019,5,981
2019-05-09,2019,5,982
2019-05-10,2019,5,983
2019-05-13,2019,5,984
2019-05-14,2019,5,985
2019-05-15,2019,5,986
2019-05-16,2019,5,987
2019-05-17,2019,5,988
2019-05-20,2019,5,989
2019-05-21,2019,5,990
2019-05-22,2019,5,991
2019-05-23,2019,5,992
2019-05-24,2019,5,993
2019-05-27,2019,5,994
2019-05-28,2019,5,995
2019-05-29,2019,5,996
2019-05-30,2019,5,997
2019-05-31,2019,5,998
2019-06-03,2019,6,999
2019-06-04,2019,6,1000
2019-06-05,2019,6,1001
2019-06-06,2019,6,1002
2019-06-07,2019,6,1003
2019-06-10,2019,6,1004
2019-06-11,2019,6,1005
2019-06-12,2019,6,1006
2019-06-13,2019,6,1007
2019-06-14,2019,6,1008
2019-06-17,2019,6,1009
2019-06-18,2019,6,1010
2019-06-19,2019,6,1011
2019-06-25,2019,6,1012
2019-06-26,2019,6,1013
2019-06-27,2019,6,1014
2019-06-28,2019,6,1015
2019-07-01,2019,7,1016
2019-07-02,2019,7,1017
2019-07-03,2019,7,1018
2019-07-04,2019,7,1019
2019-07-05,2019,7,1020
2019-07-08,2019,7,1021
2019-07-10,2019,7,1022
2019-07-11,2019,7,1023
2019-07-12,2019,7,1024
2019-07-15,2019,7,1025
2019-07-16,2019,7,1026
2019-07-17,2019,7,1027
2019-07-18,2019,7,1028
2019-07-19,2019,7,1029
2019-07-22,2019,7,1030
2019-07-23,2019,7,1031
2019-07-24,2019,7,1032
2019-07-25,2019,7,1033
2019-07-26,2019,7,1034
2019-07-29,2019,7,1035
2019-07-30,2019,7,1036
2019-07-31,2019,7,1037
2019-08-01,2019,8,1038
2019-08-02,2019,8,1039
2019-08-05,2019,8,1040
2019-08-06,2019,8,1041
2019-08-07,2019,8,1042
2019-08-08,2019,8,1043
2019-08-09,2019,8,1044
2019-08-12,2019,8,1045
2019-08-13,2019,8,1046
2019-08-14,2019,8,1047
2019-08-16,2019,8,1048
2019-08-19,2019,8,1049
2019-08-20,2019,8,1050
2019-08-21,2019,8,1051
2019-08-22,2019,8,1052
2019-08-23,2019,8,1053
2019-08-26,2019,8,1054
2019-08-27,2019,8,1055
2019-08-28,2019,8,1056
2019-08-29,2019,8,1057
2019-08-30,2019,8,1058
2019-09-02,2019,9,1059
2019-09-03,2019,9,1060
2019-09-04,2019,9,1061
2019-09-05,2019,9,1062
2019-09-06,2019,9,1063
2019-09-10,2019,9,1064
2019-09-11,2019,9,1065
2019-09-12,2019,9,1066
2019-09-13,2019,9,1067
2019-09-16,2019,9,1068
2019-09-17,2019,9,1069
2019-09-18,2019,9,1070
2019-09-19,2019,9,1071
2019-09-20,2019,9,1072
2019-09-23,2019,9,1073
2019-09-24,2019,9,1074
2019-09-25,2019,9,1075
2019-09-26,2019,9,1076
2019-09-27,2019,9,1077
2019-09-30,2019,9,1078
2019-10-01,2019,10,1079
2019-10-02,2019,10,1080
2019-10-03,2019,10,1081
2019-10-07,2019,10,1082
2019-10-08,2019,10,1083
2019-10-09,2019,10,1084
2019-10-10,2019,10,1085
2019-10-11,2019,10,1086
2019-10-14,2019,10,1087
2019-10-15,2019,10,1088
2019-10-16,2019,10,1089
2019-10-17,2019,10,1090
2019-10-18,2019,10,1091
2019-10-21,2019,10,1092
2019-10-22,2019,10,1093
2019-10-23,2019,10,1094
2019-10-24,2019,10,1095
2019-10-25,2019,10,1096
2019-10-29,2019,10,1097
2019-10-30,2019,10,1098
2019-10-31,2019,10,1099
2019-11-01,2019,11,1100
2019-11-04,2019,11,1101
2019-11-05,2019,11,1102
2019-11-06,2019,11,1103
2019-11-07,2019,11,1104
2019-11-08,2019,11,1105
2019-11-11,2019,11,1106
2019-11-12,2019,11,1107
2019-11-13,2019,11,1108
2019-11-14,2019,11,1109
2019-11-18,2019,11,1110
2019-11-19,2019,11,1111
2019-11-20,2019,11,1112
2019-11-21,2019,11,1113
2019-11-22,2019,11,1114
2019-11-25,2019,11,1115
2019-11-26,2019,11,1116
2019-11-27,2019,11,1117
2019-11-28,2019,11,1118
2019-11-29,2019,11,1119
2019-12-02,2019,12,1120
2019-12-03,2019,12,1121
2019-12-04,2019,12,1122
2019-12-05,2019,12,1123
2019-12-06,2019,12,1124
2019-12-09,2019,12,1125
2019-12-10,2019,12,1126
2019-12-11,2019,12,1127
2019-12-12,2019,12,1128
2019-12-13,2019,12,1129
2019-12-16,2019,12,1130
2019-12-17,2019,12,1131
2019-12-18,2019,12,1132
2019-12-19,2019,12,1133
2019-12-20,2019,12,1134
2019-12-23,2019,12,1135
2019-12-24,2019,12,1136
2019-12-26,2019,12,1137
2019-12-27,2019,12,1138
2019-12-30,2019,12,1139
2019-12-31,2019,12,1140
2020-01-02,2020,1,1141
2020-01-03,2020,1,1142
2020-01-07,2020,1,1143
2020-01-08,2020,1,1144
2020-01-09,2020,1,1145
2020-01-10,2020,1,1146
2020-01-13,2020,1,1147
2020-01-14,2020,1,1148
2020-01-15,2020,1,1149
2020-01-16,2020,1,1150
2020-01-17,2020,1,1151
2020-01-20,2020,1,1152
2020-01-21,2020,1,1153
2020-01-22,2020,1,1154
2020-01-23,2020,1,1155
2020-01-24,2020,1,1156
2020-01-27,2020,1,1157
2020-01-29,2020,1,1158
2020-01-30,2020,1,1159
2020-01-31,2020,1,1160
2020-02-03,2020,2,1161
2020-02-04,2020,2,1162
2020-02-05,2020,2,1163
2020-02-06,2020,2,1164
2020-02-07,2020,2,1165
2020-02-10,2020,2,1166
2020-02-11,2020,2,1167
2020-02-12,2020,2,1168
2020-02-13,2020,2,1169
2020-02-14,2020,2,1170
2020-02-17,2020,2,1171
2020-02-18,2020,2,1172
2020-02-19,2020,2,1173
2020-02-20,2020,2,1174
2020-02-27,2020,2,1175
2020-02-28,2020,2,1176
2020-03-02,2020,3,1177
2020-03-03,2020,3,1178
2020-03-04,2020,3,1179
2020-03-05,2020,3,1180
2020-03-06,2020,3,1181
2020-03-09,2020,3,1182
2020-03-10,2020,3,1183
2020-03-11,2020,3,1184
2020-03-12,2020,3,1185
2020-03-13,2020,3,1186
2020-03-16,2020,3,1187
2020-03-17,2020,3,1188
2020-03-18,2020,3,1189
2020-03-19,2020,3,1190
2020-03-20,2020,3,1191
2020-03-24,2020,3,1192
2020-03-25,2020,3,1193
2020-03-26,2020,3,1194
2020-03-27,2020,3,1195
2020-03-30,2020,3,1196
2020-03-31,2020,3,1197
2020-04-01,2020,4,1198
2020-04-02,2020,4,1199
2020-04-03,2020,4,1200
2020-04-06,2020,4,1201
2020-04-07,2020,4,1202
2020-04-08,2020,4,1203
2020-04-09,2020,4,1204
2020-04-14,2020,4,1205
2020-04-15,2020,4,1206
2020-04-16,2020,4,1207
2020-04-17,2020,4,1208
2020-04-20,2020,4,1209
2020-04-22,2020,4,1210
2020-04-23,2020,4,1211
2020-04-24,2020,4,1212
2020-04-27,2020,4,1213
2020-04-28,2020,4,1214
2020-04-29,2020,4,1215
2020-04-30,2020,4,1216
2020-05-04,2020,5,1217
2020-05-05,2020,5,1218
2020-05-06,2020,5,1219
2020-05-07,2020,5,1220
2020-05-08,2020,5,1221
2020-05-11,2020,5,1222
2020-05-12,2020,5,1223
2020-05-13,2020,5,1224
2020-05-14,2020,5,1225
2020-05-15,2020,5,1226
2020-05-18,2020,5,1227
2020-05-19,2020,5,1228
2020-05-20,2020,5,1229
2020-05-21,2020,5,1230
2020-05-22,2020,5,1231
2020-05-25,2020,5,1232
2020-05-26,2020,5,1233
2020-05-27,2020,5,1234
2020-05-28,2020,5,1235
2020-05-29,2020,5,1236
2020-06-01,2020,6,1237
2020-06-02,2020,6,1238
2020-06-03,2020,6,1239
2020-06-04,2020,6,1240
2020-06-05,2020,6,1241
2020-06-08,2020,6,1242
2020-06-09,2020,6,1243
2020-06-10,2020,6,1244
2020-06-15,2020,6,1245
2020-06-16,2020,6,1246
2020-06-17,2020,6,1247
2020-06-18,2020,6,1248
2020-06-19,2020,6,1249
2020-06-22,2020,6,1250
2020-06-23,2020,6,1251
2020-06-24,2020,6,1252
2020-06-25,2020,6,1253
2020-06-26,2020,6,1254
2020-06-29,2020,6,1255
2020-06-30,2020,6,1256
2020-07-01,2020,7,1257
2020-07-02,2020,7,1258
2020-07-03,2020,7,1259
2020-07-06,2020,7,1260
2020-07-07,2020,7,1261
2020-07-08,2020,7,1262
2020-07-09,2020,7,1263
2020-07-10,2020,7,1264
2020-07-13,2020,7,1265
2020-07-14,2020,7,1266
2020-07-15,2020,7,1267
2020-07-16,2020,7,1268
2020-07-17,2020,7,1269
2020-07-20,2020,7,1270
2020-07-21,2020,7,1271
2020-07-22,2020,7,1272
2020-07-23,2020,7,1273
2020-07-24,2020,7,1274
2020-07-27,2020,7,1275
2020-07-28,2020,7,1276
2020-07-29,2020,7,1277
2020-07-30,2020,7,1278
2020-07-31,2020,7,1279
2020-08-03,2020,8,1280
2020-08-04,2020,8,1281
2020-08-05,2020,8,1282
2020-08-06,2020,8,1283
2020-08-07,2020,8,1284
2020-08-10,2020,8,1285
2020-08-11,2020,8,1286
2020-08-12,2020,8,1287
2020-08-13,2020,8,1288
2020-08-14,2020,8,1289
2020-08-17,2020,8,1290
2020-08-18,2020,8,1291
2020-08-19,2020,8,1292
2020-08-20,2020,8,1293
2020-08-21,2020,8,1294
2020-08-24,2020,8,1295
2020-08-25,2020,8,1296
2020-08-26,2020,8,1297
2020-08-27,2020,8,1298
2020-08-28,2020,8,1299
2020-08-31,2020,8,1300
2020-09-01,2020,9,1301
2020-09-02,2020,9,1302
2020-09-03,2020,9,1303
2020-09-04,2020,9,1304
2020-09-08,2020,9,1305
2020-09-09,2020,9,1306
2020-09-10,2020,9,1307
2020-09-11,2020,9,1308
2020-09-14,2020,9,1309
2020-09-15,2020,9,1310
2020-09-17,2020,9,1311
2020-09-18,2020,9,1312
2020-09-21,2020,9,1313
2020-09-22,2020,9,1314
2020-09-23,2020,9,1315
2020-09-24,2020,9,1316
2020-09-25,2020,9,1317
2020-09-28,2020,9,1318
2020-09-29,2020,9,1319
2020-09-30,2020,9,1320
2020-10-01,2020,10,1321
2020-10-02,2020,10,1322
2020-10-05,2020,10,1323
2020-10-06,2020,10,1324
2020-10-07,2020,10,1325
2020-10-08,2020,10,1326
2020-10-09,2020,10,1327
2020-10-13,2020,10,1328
2020-10-14,2020,10,1329
2020-10-15,2020,10,1330
2020-10-16,2020,10,1331
2020-10-19,2020,10,1332
2020-10-20,2020,10,1333
2020-10-21,2020,10,1334
2020-10-22,2020,10,1335
2020-10-23,2020,10,1336
2020-10-26,2020,10,1337
2020-10-27,2020,10,1338
2020-10-28,2020,10,1339
2020-10-29,2020,10,1340
2020-10-30,2020,10,1341
2020-11-03,2020,11,1342
2020-11-04,2020,11,1343
2020-11-05,2020,11,1344
2020-11-06,2020,11,1345
2020-11-09,2020,11,1346
2020-11-10,2020,11,1347
2020-11-11,2020,11,1348
2020-11-12,2020,11,1349
2020-11-13,2020,11,1350
2020-11-16,2020,11,1351
2020-11-17,2020,11,1352
2020-11-18,2020,11,1353
2020-11-19,2020,11,1354
2020-11-20,2020,11,1355
2020-11-23,2020,11,1356
2020-11-24,2020,11,1357
2020-11-25,2020,11,1358
2020-11-26,2020,11,1359
2020-11-27,2020,11,1360
2020-11-30,2020,11,1361
2020-12-01,2020,12,1362
2020-12-02,2020,12,1363
2020-12-03,2020,12,1364
2020-12-04,2020,12,1365
2020-12-07,2020,12,1366
2020-12-08,2020,12,1367
2020-12-09,2020,12,1368
2020-12-10,2020,12,1369
2020-12-11,2020,12,1370
2020-12-14,2020,12,1371
2020-12-15,2020,12,1372
2020-12-16,2020,12,1373
2020-12-17,2020,12,1374
2020-12-18,2020,12,1375
2020-12-21,2020,12,1376
2020-12-22,2020,12,1377
2020-12-23,2020,12,1378
2020-12-24,2020,12,1379
2020-12-28,2020,12,1380
2020-12-29,2020,12,1381
2020-12-30,2020,12,1382
2020-12-31,2020,12,1383
2021-01-07,2021,1,1384
2021-01-08,2021,1,1385
2021-01-11,2021,1,1386
2021-01-12,2021,1,1387
2021-01-13,2021,1,1388
2021-01-15,2021,1,1389
2021-01-18,2021,1,1390
2021-01-19,2021,1,1391
2021-01-20,2021,1,1392
2021-01-21,2021,1,1393
2021-01-22,2021,1,1394
2021-01-25,2021,1,1395
2021-01-26,2021,1,1396
2021-01-27,2021,1,1397
2021-01-28,2021,1,1398
2021-01-29,2021,1,1399
2021-02-01,2021,2,1400
2021-02-02,2021,2,1401
2021-02-03,2021,2,1402
2021-02-04,2021,2,1403
2021-02-05,2021,2,1404
2021-02-08,2021,2,1405
2021-02-09,2021,2,1406
2021-02-10,2021,2,1407
2021-02-11,2021,2,1408
2021-02-12,2021,2,1409
2021-02-17,2021,2,1410
2021-02-18,2021,2,1411
2021-02-19,2021,2,1412
2021-02-22,2021,2,1413
2021-02-23,2021,2,1414
2021-02-24,2021,2,1415
2021-02-25,2021,2,1416
2021-02-26,2021,2,1417
2021-03-01,2021,3,1418
2021-03-02,2021,3,1419
2021-03-03,2021,3,1420
2021-03-04,2021,3,1421
2021-03-05,2021,3,1422
2021-03-08,2021,3,1423
2021-03-09,2021,3,1424
2021-03-10,2021,3,1425
2021-03-11,2021,3,1426
2021-03-12,2021,3,1427
2021-03-15,2021,3,1428
2021-03-16,2021,3,1429
2021-03-17,2021,3,1430
2021-03-18,2021,3,1431
2021-03-19,2021,3,1432
2021-03-22,2021,3,1433
2021-03-23,2021,3,1434
2021-03-24,2021,3,1435
2021-03-25,2021,3,1436
2021-03-26,2021,3,1437
2021-03-29,2021,3,1438
2021-03-30,2021,3,1439
2021-03-31,2021,3,1440
2021-04-01,2021,4,1441
2021-04-05,2021,4,1442
2021-04-06,2021,4,1443
2021-04-07,2021,4,1444
2021-04-08,2021,4,1445
2021-04-09,2021,4,1446
2021-04-13,2021,4,1447
2021-04-14,2021,4,1448
2021-04-15,2021,4,1449
2021-04-16,2021,4,1450
2021-04-19,2021,4,1451
2021-04-20,2021,4,1452
2021-04-22,2021,4,1453
2021-04-23,2021,4,1454
2021-04-26,2021,4,1455
2021-04-27,2021,4,1456
2021-04-28,2021,4,1457
2021-04-29,2021,4,1458
2021-04-30,2021,4,1459
2021-05-03,2021,5,1460
2021-05-04,2021,5,1461
2021-05-06,2021,5,1462
2021-05-07,2021,5,1463
2021-05-10,2021,5,1464
2021-05-11,2021,5,1465
2021-05-12,2021,5,1466
2021-05-13,2021,5,1467
2021-05-14,2021,5,1468
2021-05-17,2021,5,1469
2021-05-18,2021,5,1470
2021-05-19,2021,5,1471
2021-05-20,2021,5,1472
2021-05-21,2021,5,1473
2021-05-24,2021,5,1474
2021-05-25,2021,5,1475
2021-05-26,2021,5,1476
2021-05-27,2021,5,1477
2021-05-28,2021,5,1478
2021-05-31,2021,5,1479
2021-06-01,2021,6,1480
2021-06-02,2021,6,1481
2021-06-03,2021,6,1482
2021-06-04,2021,6,1483
2021-06-07,2021,6,1484
2021-06-08,2021,6,1485
2021-06-09,2021,6,1486
2021-06-10,2021,6,1487
2021-06-11,2021,6,1488
2021-06-14,2021,6,1489
2021-06-15,2021,6,1490
2021-06-16,2021,6,1491
2021-06-17,2021,6,1492
2021-06-18,2021,6,1493
2021-06-22,2021,6,1494
2021-06-23,2021,6,1495
2021-06-24,2021,6,1496
2021-06-25,2021,6,1497
2021-06-28,2021,6,1498
2021-06-29,2021,6,1499
2021-06-30,2021,6,1500
2021-07-01,2021,7,1501
2021-07-02,2021,7,1502
2021-07-05,2021,7,1503
2021-07-06,2021,7,1504
2021-07-07,2021,7,1505
2021-07-08,2021,7,1506
2021-07-09,2021,7,1507
2021-07-12,2021,7,1508
2021-07-13,2021,7,1509
2021-07-15,2021,7,1510
2021-07-16,2021,7,1511
2021-07-19,2021,7,1512
2021-07-20,2021,7,1513
2021-07-21,2021,7,1514
2021-07-22,2021,7,1515
2021-07-23,2021,7,1516
2021-07-26,2021,7,1517
2021-07-27,2021,7,1518
2021-07-28,2021,7,1519
2021-07-29,2021,7,1520
2021-07-30,2021,7,1521
2021-07-31,2021,7,1522
2021-08-02,2021,8,1523
2021-08-03,2021,8,1524
2021-08-04,2021,8,1525
2021-08-05,2021,8,1526
2021-08-06,2021,8,1527
2021-08-07,2021,8,1528
2021-08-09,2021,8,1529
2021-08-10,2021,8,1530
2021-08-11,2021,8,1531
2021-08-13,2021,8,1532
2021-08-16,2021,8,1533
2021-08-17,2021,8,1534
2021-08-18,2021,8,1535
2021-08-19,2021,8,1536
2021-08-20,2021,8,1537
2021-08-23,2021,8,1538
2021-08-24,2021,8,1539
2021-08-25,2021,8,1540
2021-08-26,2021,8,1541
2021-08-27,2021,8,1542
2021-08-30,2021,8,1543
2021-08-31,2021,8,1544
2021-09-01,2021,9,1545
2021-09-02,2021,9,1546
2021-09-03,2021,9,1547
2021-09-06,2021,9,1548
2021-09-09,2021,9,1549
2021-09-10,2021,9,1550
2021-09-13,2021,9,1551
2021-09-14,2021,9,1552
2021-09-15,2021,9,1553
2021-09-16,2021,9,1554
2021-09-17,2021,9,1555
2021-09-20,2021,9,1556
2021-09-21,2021,9,1557
2021-09-22,2021,9,1558
2021-09-23,2021,9,1559
2021-09-24,2021,9,1560
2021-09-27,2021,9,1561
2021-09-28,2021,9,1562
2021-09-29,2021,9,1563
2021-09-30,2021,9,1564
2021-10-01,2021,10,1565
2021-10-04,2021,10,1566
2021-10-05,2021,10,1567
2021-10-06,2021,10,1568
2021-10-07,2021,10,1569
2021-10-08,2021,10,1570
2021-10-13,2021,10,1571
2021-10-14,2021,10,1572
2021-10-15,2021,10,1573
2021-10-18,2021,10,1574
2021-10-19,2021,10,1575
2021-10-20,2021,10,1576
2021-10-21,2021,10,1577
2021-10-22,2021,10,1578
2021-10-25,2021,10,1579
2021-10-26,2021,10,1580
2021-10-27,2021,10,1581
2021-10-28,2021,10,1582
2021-10-29,2021,10,1583
2021-11-01,2021,11,1584
2021-11-03,2021,11,1585
2021-11-04,2021,11,1586
2021-11-05,2021,11,1587
2021-11-08,2021,11,1588
2021-11-09,2021,11,1589
2021-11-10,2021,11,1590
2021-11-11,2021,11,1591
2021-11-12,2021,11,1592
2021-11-16,2021,11,1593
2021-11-17,2021,11,1594
2021-11-18,2021,11,1595
2021-11-19,2021,11,1596
2021-11-22,2021,11,1597
2021-11-23,2021,11,1598
2021-11-24,2021,11,1599
2021-11-25,2021,11,1600
2021-11-26,2021,11,1601
2021-11-29,2021,11,1602
2021-11-30,2021,11,1603
2021-12-01,2021,12,1604
2021-12-02,2021,12,1605
2021-12-03,2021,12,1606
2021-12-06,2021,12,1607
2021-12-07,2021,12,1608
2021-12-08,2021,12,1609
2021-12-09,2021,12,1610
2021-12-10,2021,12,1611
2021-12-13,2021,12,1612
2021-12-14,2021,12,1613
2021-12-15,2021,12,1614
2021-12-16,2021,12,1615
2021-12-17,2021,12,1616
2021-12-20,2021,12,1617
2021-12-21,2021,12,1618
2021-12-22,2021,12,1619
2021-12-23,2021,12,1620
2021-12-24,2021,12,1621
2021-12-27,2021,12,1622
2021-12-28,2021,12,1623
2021-12-29,2021,12,1624
2021-12-30,2021,12,1625
2021-12-31,2021,12,1626
2022-01-03,2022,1,1627
2022-01-04,2022,1,1628
2022-01-05,2022,1,1629
2022-01-11,2022,1,1630
2022-01-14,2022,1,1631
2022-01-17,2022,1,1632
2022-01-18,2022,1,1633
2022-01-19,2022,1,1634
2022-01-20,2022,1,1635
2022-01-21,2022,1,1636
2022-01-24,2022,1,1637
2022-01-25,2022,1,1638
2022-01-26,2022,1,1639
2022-01-27,2022,1,1640
2022-01-28,2022,1,1641
2022-01-31,2022,1,1642
2022-02-01,2022,2,1643
2022-02-02,2022,2,1644
2022-02-03,2022,2,1645
2022-02-04,2022,2,1646
2022-02-07,2022,2,1647
2022-02-08,2022,2,1648
2022-02-09,2022,2,1649
2022-02-10,2022,2,1650
2022-02-11,2022,2,1651
2022-02-14,2022,2,1652
2022-02-15,2022,2,1653
2022-02-16,2022,2,1654
2022-02-17,2022,2,1655
2022-02-18,2022,2,1656
2022-02-21,2022,2,1657
2022-02-22,2022,2,1658
2022-02-23,2022,2,1659
2022-02-24,2022,2,1660
2022-02-25,2022,2,1661
2022-03-02,2022,3,1662
2022-03-03,2022,3,1663
2022-03-04,2022,3,1664
2022-03-07,2022,3,1665
2022-03-08,2022,3,1666
2022-03-09,2022,3,1667
2022-03-10,2022,3,1668
2022-03-11,2022,3,1669
2022-03-14,2022,3,1670
2022-03-15,2022,3,1671
2022-03-16,2022,3,1672
2022-03-17,2022,3,1673
2022-03-18,2022,3,1674
2022-03-21,2022,3,1675
2022-03-22,2022,3,1676
2022-03-23,2022,3,1677
2022-03-24,2022,3,1678
2022-03-25,2022,3,1679
2022-03-28,2022,3,1680
2022-03-29,2022,3,1681
2022-03-30,2022,3,1682
2022-03-31,2022,3,1683
2022-04-01,2022,4,1684
2022-04-04,2022,4,1685
2022-04-05,2022,4,1686
2022-04-06,2022,4,1687
2022-04-07,2022,4,1688
2022-04-08,2022,4,1689
2022-04-11,2022,4,1690
2022-04-12,2022,4,1691
2022-04-13,2022,4,1692
2022-04-14,2022,4,1693
2022-04-18,2022,4,1694
2022-04-19,2022,4,1695
2022-04-20,2022,4,1696
2022-04-22,2022,4,1697
2022-04-26,2022,4,1698
2022-04-27,2022,4,1699
2022-04-28,2022,4,1700
2022-04-29,2022,4,1701
2022-05-02,2022,5,1702
2022-05-03,2022,5,1703
2022-05-04,2022,5,1704
2022-05-05,2022,5,1705
2022-05-06,2022,5,1706
2022-05-09,2022,5,1707
2022-05-10,2022,5,1708
2022-05-11,2022,5,1709
2022-05-12,2022,5,1710
2022-05-13,2022,5,1711
2022-05-16,2022,5,1712
2022-05-17,2022,5,1713
2022-05-18,2022,5,1714
2022-05-19,2022,5,1715
2022-05-20,2022,5,1716
2022-05-23,2022,5,1717
2022-05-24,2022,5,1718
2022-05-25,2022,5,1719
2022-05-26,2022,5,1720
2022-05-27,2022,5,1721
2022-05-30,2022,5,1722
2022-05-31,2022,5,1723
2022-06-01,2022,6,1724
2022-06-02,2022,6,1725
2022-06-03,2022,6,1726
2022-06-09,2022,6,1727
2022-06-10,2022,6,1728
2022-06-13,2022,6,1729
2022-06-15,2022,6,1730
2022-06-20,2022,6,1731
2022-06-21,2022,6,1732
2022-06-23,2022,6,1733
2022-06-24,2022,6,1734
2022-06-27,2022,6,1735
2022-06-28,2022,6,1736
2022-06-29,2022,6,1737
2022-06-30,2022,6,1738
2022-07-01,2022,7,1739
2022-07-04,2022,7,1740
2022-07-05,2022,7,1741
2022-07-06,2022,7,1742
2022-07-07,2022,7,1743
2022-07-08,2022,7,1744
2022-07-11,2022,7,1745
2022-07-12,2022,7,1746
2022-07-13,2022,7,1747
2022-07-14,2022,7,1748
2022-07-15,2022,7,1749
2022-07-19,2022,7,1750
2022-07-20,2022,7,1751
2022-07-21,2022,7,1752
2022-07-22,2022,7,1753
2022-07-25,2022,7,1754
2022-07-26,2022,7,1755
2022-07-27,2022,7,1756
2022-07-28,2022,7,1757
2022-07-29,2022,7,1758
2022-08-01,2022,8,1759
2022-08-02,2022,8,1760
2022-08-03,2022,8,1761
2022-08-04,2022,8,1762
2022-08-05,2022,8,1763
2022-08-08,2022,8,1764
2022-08-09,2022,8,1765
2022-08-10,2022,8,1766
2022-08-11,2022,8,1767
2022-08-12,2022,8,1768
2022-08-16,2022,8,1769
2022-08-17,2022,8,1770
2022-08-18,2022,8,1771
2022-08-19,2022,8,1772
2022-08-22,2022,8,1773
2022-08-23,2022,8,1774
2022-08-24,2022,8,1775
2022-08-25,2022,8,1776
2022-08-26,2022,8,1777
2022-08-29,2022,8,1778
2022-08-30,2022,8,1779
2022-08-31,2022,8,1780
2022-09-01,2022,9,1781
2022-09-02,2022,9,1782
2022-09-05,2022,9,1783
2022-09-06,2022,9,1784
2022-09-08,2022,9,1785
2022-09-09,2022,9,1786
2022-09-12,2022,9,1787
2022-09-13,2022,9,1788
2022-09-14,2022,9,1789
2022-09-15,2022,9,1790
2022-09-16,2022,9,1791
2022-09-19,2022,9,1792
2022-09-20,2022,9,1793
2022-09-21,2022,9,1794
2022-09-22,2022,9,1795
2022-09-23,2022,9,1796
2022-09-26,2022,9,1797
2022-09-27,2022,9,1798
2022-09-28,2022,9,1799
2022-09-29,2022,9,1800
2022-09-30,2022,9,1801
2022-10-03,2022,10,1802
2022-10-04,2022,10,1803
2022-10-05,2022,10,1804
2022-10-06,2022,10,1805
2022-10-07,2022,10,1806
2022-10-10,2022,10,1807
2022-10-11,2022,10,1808
2022-10-13,2022,10,1809
2022-10-14,2022,10,1810
2022-10-17,2022,10,1811
2022-10-18,2022,10,1812
2022-10-19,2022,10,1813
2022-10-20,2022,10,1814
2022-10-21,2022,10,1815
2022-10-24,2022,10,1816
2022-10-25,2022,10,1817
2022-10-26,2022,10,1818
2022-10-27,2022,10,1819
2022-10-28,2022,10,1820
2022-10-31,2022,10,1821
2022-11-01,2022,11,1822
2022-11-03,2022,11,1823
2022-11-04,2022,11,1824
2022-11-07,2022,11,1825
2022-11-08,2022,11,1826
2022-11-09,2022,11,1827
2022-11-10,2022,11,1828
2022-11-11,2022,11,1829
2022-11-16,2022,11,1830
2022-11-17,2022,11,1831
2022-11-18,2022,11,1832
2022-11-21,2022,11,1833
2022-11-22,2022,11,1834
2022-11-23,2022,11,1835
2022-11-24,2022,11,1836
2022-11-25,2022,11,1837
2022-11-28,2022,11,1838
2022-11-29,2022,11,1839
2022-11-30,2022,11,1840
2022-12-01,2022,12,1841
2022-12-02,2022,12,1842
2022-12-05,2022,12,1843
2022-12-06,2022,12,1844
2022-12-07,2022,12,1845
2022-12-08,2022,12,1846
2022-12-09,2022,12,1847
2022-12-12,2022,12,1848
2022-12-13,2022,12,1849
2022-12-14,2022,12,1850
2022-12-15,2022,12,1851
2022-12-16,2022,12,1852
2022-12-19,2022,12,1853
2022-12-20,2022,12,1854
2022-12-21,2022,12,1855
2022-12-22,2022,12,1856
2022-12-23,2022,12,1857
2022-12-26,2022,12,1858
2022-12-27,2022,12,1859
2022-12-28,2022,12,1860
2022-12-29,2022,12,1861
2022-12-30,2022,12,1862
2023-01-02,2023,1,1863
2023-01-03,2023,1,1864
2023-01-04,2023,1,1865
2023-01-05,2023,1,1866
2023-01-09,2023,1,1867
2023-01-10,2023,1,1868
2023-01-11,2023,1,1869
2023-01-12,2023,1,1870
2023-01-13,2023,1,1871
2023-01-16,2023,1,1872
2023-01-17,2023,1,1873
2023-01-18,2023,1,1874
2023-01-19,2023,1,1875
2023-01-20,2023,1,1876
2023-01-23,2023,1,1877
2023-01-25,2023,1,1878
2023-01-26,2023,1,1879
2023-01-27,2023,1,1880
2023-01-30,2023,1,1881
2023-01-31,2023,1,1882
2023-02-01,2023,2,1883
2023-02-02,2023,2,1884
2023-02-03,2023,2,1885
2023-02-06,2023,2,1886
2023-02-07,2023,2,1887
2023-02-08,2023,2,1888
2023-02-09,2023,2,1889
2023-02-10,2023,2,1890
2023-02-13,2023,2,1891
2023-02-14,2023,2,1892
2023-02-15,2023,2,1893
2023-02-16,2023,2,1894
2023-02-17,2023,2,1895
2023-02-22,2023,2,1896
2023-02-23,2023,2,1897
2023-02-24,2023,2,1898
2023-02-27,2023,2,1899
2023-02-28,2023,2,1900
2023-03-01,2023,3,1901
2023-03-02,2023,3,1902
2023-03-03,2023,3,1903
2023-03-06,2023,3,1904
2023-03-07,2023,3,1905
2023-03-08,2023,3,1906
2023-03-09,2023,3,1907
2023-03-10,2023,3,1908
2023-03-13,2023,3,1909
2023-03-14,2023,3,1910
2023-03-15,2023,3,1911
2023-03-16,2023,3,1912
2023-03-17,2023,3,1913
2023-03-20,2023,3,1914
2023-03-21,2023,3,1915
2023-03-22,2023,3,1916
2023-03-23,2023,3,1917
2023-03-24,2023,3,1918
2023-03-27,2023,3,1919
2023-03-28,2023,3,1920
2023-03-29,2023,3,1921
2023-03-30,2023,3,1922
2023-03-31,2023,3,1923
2023-04-03,2023,4,1924
2023-04-04,2023,4,1925
2023-04-05,2023,4,1926
2023-04-06,2023,4,1927
2023-04-10,2023,4,1928
2023-04-11,2023,4,1929
2023-04-12,2023,4,1930
2023-04-13,2023,4,1931
2023-04-14,2023,4,1932
2023-04-18,2023,4,1933
2023-04-19,2023,4,1934
2023-04-20,2023,4,1935
2023-04-24,2023,4,1936
2023-04-25,2023,4,1937
2023-04-26,2023,4,1938
2023-04-28,2023,4,1939
2023-05-02,2023,5,1940
2023-05-03,2023,5,1941
2023-05-04,2023,5,1942
2023-05-05,2023,5,1943
2023-05-08,2023,5,1944
2023-05-09,2023,5,1945
2023-05-10,2023,5,1946
2023-05-11,2023,5,1947
2023-05-12,2023,5,1948
2023-05-15,2023,5,1949
2023-05-16,2023,5,1950
2023-05-17,2023,5,1951
2023-05-18,2023,5,1952
2023-05-19,2023,5,1953
2023-05-22,2023,5,1954
2023-05-23,2023,5,1955
2023-05-24,2023,5,1956
2023-05-25,2023,5,1957
2023-05-26,2023,5,1958
2023-05-29,2023,5,1959
2023-05-30,2023,5,1960
2023-05-31,2023,5,1961
2023-06-01,2023,6,1962
2023-06-02,2023,6,1963
2023-06-05,2023,6,1964
2023-06-06,2023,6,1965
2023-06-07,2023,6,1966
2023-06-09,2023,6,1967
2023-06-12,2023,6,1968
2023-06-13,2023,6,1969
2023-06-14,2023,6,1970
2023-06-15,2023,6,1971
2023-06-16,2023,6,1972
2023-06-19,2023,6,1973
2023-06-20,2023,6,1974
2023-06-21,2023,6,1975
2023-06-22,2023,6,1976
2023-06-23,2023,6,1977
2023-06-26,2023,6,1978
2023-06-27,2023,6,1979
2023-06-28,2023,6,1980
2023-06-29,2023,6,1981
2023-06-30,2023,6,1982
2023-07-03,2023,7,1983
2023-07-04,2023,7,1984
2023-07-05,2023,7,1985
2023-07-06,2023,7,1986
2023-07-07,2023,7,1987
2023-07-10,2023,7,1988
2023-07-11,2023,7,1989
2023-07-12,2023,7,1990
2023-07-13,2023,7,1991
2023-07-14,2023,7,1992
2023-07-17,2023,7,1993
2023-07-18,2023,7,1994
2023-07-19,2023,7,1995
2023-07-20,2023,7,1996
2023-07-21,2023,7,1997
2023-07-24,2023,7,1998
2023-07-25,2023,7,1999
2023-07-26,2023,7,2000
2023-07-27,2023,7,2001
2023-07-28,2023,7,2002
2023-07-31,2023,7,2003
2023-08-01,2023,8,2004
2023-08-02,2023,8,2005
2023-08-03,2023,8,2006
2023-08-04,2023,8,2007
2023-08-07,2023,8,2008
2023-08-08,2023,8,2009
2023-08-09,2023,8,2010
2023-08-10,2023,8,2011
2023-08-11,2023,8,2012
2023-08-16,2023,8,2013
2023-08-17,2023,8,2014
2023-08-18,2023,8,2015
2023-08-21,2023,8,2016
2023-08-22,2023,8,2017
2023-08-23,2023,8,2018
2023-08-24,2023,8,2019
2023-08-25,2023,8,2020
2023-08-28,2023,8,2021
2023-08-29,2023,8,2022
2023-08-30,2023,8,2023
2023-08-31,2023,8,2024
2023-09-01,2023,9,2025
2023-09-04,2023,9,2026
2023-09-05,2023,9,2027
2023-09-06,2023,9,2028
2023-09-11,2023,9,2029
2023-09-12,2023,9,2030
2023-09-13,2023,9,2031
2023-09-14,2023,9,2032
2023-09-15,2023,9,2033
2023-09-18,2023,9,2034
2023-09-19,2023,9,2035
2023-09-20,2023,9,2036
2023-09-21,2023,9,2037
2023-09-22,2023,9,2038
2023-09-25,2023,9,2039
2023-09-26,2023,9,2040
2023-09-27,2023,9,2041
2023-09-28,2023,9,2042
2023-09-29,2023,9,2043
2023-10-02,2023,10,2044
2023-10-03,2023,10,2045
2023-10-04,2023,10,2046
2023-10-05,2023,10,2047
2023-10-06,2023,10,2048
2023-10-09,2023,10,2049
2023-10-10,2023,10,2050
2023-10-11,2023,10,2051
2023-10-13,2023,10,2052
2023-10-16,2023,10,2053
2023-10-17,2023,10,2054
2023-10-18,2023,10,2055
2023-10-19,2023,10,2056
2023-10-20,2023,10,2057
2023-10-23,2023,10,2058
2023-10-24,2023,10,2059
2023-10-25,2023,10,2060
2023-10-26,2023,10,2061
2023-10-27,2023,10,2062
2023-10-30,2023,10,2063
2023-10-31,2023,10,2064
2023-11-01,2023,11,2065
2023-11-06,2023,11,2066
2023-11-07,2023,11,2067
2023-11-08,2023,11,2068
2023-11-09,2023,11,2069
2023-11-10,2023,11,2070
2023-11-13,2023,11,2071
2023-11-14,2023,11,2072
2023-11-16,2023,11,2073
2023-11-17,2023,11,2074
2023-11-20,2023,11,2075
2023-11-21,2023,11,2076
2023-11-22,2023,11,2077
2023-11-23,2023,11,2078
2023-11-24,2023,11,2079
2023-11-27,2023,11,2080
2023-11-28,2023,11,2081
2023-11-29,2023,11,2082
2023-11-30,2023,11,2083
2023-12-01,2023,12,2084
2023-12-04,2023,12,2085
2023-12-05,2023,12,2086
2023-12-06,2023,12,2087
2023-12-07,2023,12,2088
2023-12-08,2023,12,2089
2023-12-11,2023,12,2090
2023-12-12,2023,12,2091
2023-12-13,2023,12,2092
2023-12-14,2023,12,2093
2023-12-15,2023,12,2094
2023-12-18,2023,12,2095
2023-12-19,2023,12,2096
2023-12-20,2023,12,2097
2023-12-21,2023,12,2098
2023-12-22,2023,12,2099
2023-12-26,2023,12,2100
2023-12-27,2023,12,2101
2023-12-28,2023,12,2102
2023-12-29,2023,12,2103
2023-12-31,2023,12,2104
2024-01-02,2024,1,2105
2024-01-05,2024,1,2106
2024-01-06,2024,1,2107
2024-01-08,2024,1,2108
2024-01-09,2024,1,2109
2024-01-10,2024,1,2110
2024-01-11,2024,1,2111
2024-01-15,2024,1,2112
2024-01-16,2024,1,2113
2024-01-17,2024,1,2114
2024-01-18,2024,1,2115
2024-01-19,2024,1,2116
2024-01-22,2024,1,2117
2024-01-23,2024,1,2118
2024-01-24,2024,1,2119
2024-01-26,2024,1,2120
2024-01-29,2024,1,2121
2024-01-30,2024,1,2122
2024-01-31,2024,1,2123
2024-02-01,2024,2,2124
2024-02-02,2024,2,2125
2024-02-05,2024,2,2126
2024-02-06,2024,2,2127
2024-02-07,2024,2,2128
2024-02-08,2024,2,2129
2024-02-09,2024,2,2130
2024-02-14,2024,2,2131
2024-02-15,2024,2,2132
2024-02-16,2024,2,2133
2024-02-19,2024,2,2134
2024-02-20,2024,2,2135
2024-02-21,2024,2,2136
2024-02-22,2024,2,2137
2024-02-23,2024,2,2138
2024-02-26,2024,2,2139
2024-02-27,2024,2,2140
2024-02-28,2024,2,2141
2024-02-29,2024,2,2142
2024-03-01,2024,3,2143
2024-03-04,2024,3,2144
2024-03-05,2024,3,2145
2024-03-06,2024,3,2146
2024-03-07,2024,3,2147
2024-03-08,2024,3,2148
2024-03-11,2024,3,2149
2024-03-12,2024,3,2150
2024-03-13,2024,3,2151
2024-03-14,2024,3,2152
2024-03-15,2024,3,2153
2024-03-18,2024,3,2154
2024-03-19,2024,3,2155
2024-03-20,2024,3,2156
2024-03-21,2024,3,2157
2024-03-22,2024,3,2158
2024-03-25,2024,3,2159
2024-03-26,2024,3,2160
2024-03-27,2024,3,2161
2024-03-28,2024,3,2162
2024-03-31,2024,3,2163
2024-04-01,2024,4,2164
2024-04-02,2024,4,2165
2024-04-03,2024,4,2166
2024-04-04,2024,4,2167
2024-04-05,2024,4,2168
2024-04-09,2024,4,2169
2024-04-10,2024,4,2170
2024-04-11,2024,4,2171
2024-04-12,2024,4,2172
2024-04-15,2024,4,2173
2024-04-16,2024,4,2174
2024-04-17,2024,4,2175
2024-04-18,2024,4,2176
2024-04-19,2024,4,2177
2024-04-22,2024,4,2178
2024-04-23,2024,4,2179
2024-04-24,2024,4,2180
2024-04-25,2024,4,2181
2024-04-26,2024,4,2182
2024-04-29,2024,4,2183
2024-04-30,2024,4,2184
2024-05-02,2024,5,2185
2024-05-03,2024,5,2186
2024-05-06,2024,5,2187
2024-05-07,2024,5,2188
2024-05-08,2024,5,2189
2024-05-09,2024,5,2190
2024-05-10,2024,5,2191
2024-05-13,2024,5,2192
2024-05-14,2024,5,2193
2024-05-15,2024,5,2194
2024-05-16,2024,5,2195
2024-05-17,2024,5,2196
2024-05-20,2024,5,2197
2024-05-21,2024,5,2198
2024-05-22,2024,5,2199
2024-05-23,2024,5,2200
2024-05-24,2024,5,2201
2024-05-27,2024,5,2202
2024-05-28,2024,5,2203
2024-05-29,2024,5,2204
2024-05-31,2024,5,2205
2024-06-03,2024,6,2206
2024-06-04,2024,6,2207
2024-06-05,2024,6,2208
2024-06-06,2024,6,2209
2024-06-07,2024,6,2210
2024-06-10,2024,6,2211
2024-06-11,2024,6,2212
2024-06-12,2024,6,2213
2024-06-13,2024,6,2214
2024-06-14,2024,6,2215
2024-06-17,2024,6,2216
2024-06-18,2024,6,2217
2024-06-19,2024,6,2218
2024-06-20,2024,6,2219
2024-06-21,2024,6,2220
2024-06-24,2024,6,2221
2024-06-25,2024,6,2222
2024-06-26,2024,6,2223
2024-06-27,2024,6,2224
2024-06-28,2024,6,2225
2024-07-01,2024,7,2226
2024-07-02,2024,7,2227
2024-07-03,2024,7,2228
2024-07-04,2024,7,2229
2024-07-05,2024,7,2230
2024-07-08,2024,7,2231
2024-07-09,2024,7,2232
2024-07-10,2024,7,2233
2024-07-11,2024,7,2234
2024-07-12,2024,7,2235
2024-07-15,2024,7,2236
2024-07-16,2024,7,2237
2024-07-17,2024,7,2238
2024-07-18,2024,7,2239
2024-07-19,2024,7,2240
2024-07-22,2024,7,2241
2024-07-23,2024,7,2242
2024-07-24,2024,7,2243
2024-07-25,2024,7,2244
2024-07-26,2024,7,2245
2024-07-29,2024,7,2246
2024-07-30,2024,7,2247
2024-07-31,2024,7,2248
2024-08-01,2024,8,2249
2024-08-02,2024,8,2250
2024-08-05,2024,8,2251
2024-08-06,2024,8,2252
2024-08-07,2024,8,2253
2024-08-08,2024,8,2254
2024-08-09,2024,8,2255
2024-08-12,2024,8,2256
2024-08-13,2024,8,2257
2024-08-14,2024,8,2258
2024-08-19,2024,8,2259
2024-08-20,2024,8,2260
2024-08-21,2024,8,2261
2024-08-22,2024,8,2262
2024-08-23,2024,8,2263
2024-08-26,2024,8,2264
2024-08-27,2024,8,2265
2024-08-28,2024,8,2266
2024-08-29,2024,8,2267
2024-08-30,2024,8,2268
2024-08-31,2024,8,2269
2024-09-02,2024,9,2270
2024-09-03,2024,9,2271
2024-09-04,2024,9,2272
2024-09-05,2024,9,2273
2024-09-06,2024,9,2274
2024-09-09,2024,9,2275
2024-09-10,2024,9,2276
2024-09-11,2024,9,2277
2024-09-12,2024,9,2278
2024-09-13,2024,9,2279
2024-09-16,2024,9,2280
2024-09-17,2024,9,2281
2024-09-18,2024,9,2282
2024-09-19,2024,9,2283
2024-09-20,2024,9,2284
2024-09-23,2024,9,2285
2024-09-24,2024,9,2286
2024-09-25,2024,9,2287
2024-09-26,2024,9,2288
2024-09-27,2024,9,2289
2024-09-30,2024,9,2290
2024-10-01,2024,10,2291
2024-10-02,2024,10,2292
2024-10-03,2024,10,2293
2024-10-04,2024,10,2294
2024-10-07,2024,10,2295
2024-10-08,2024,10,2296
2024-10-09,2024,10,2297
2024-10-10,2024,10,2298
2024-10-11,2024,10,2299
2024-10-14,2024,10,2300
2024-10-15,2024,10,2301
2024-10-16,2024,10,2302
2024-10-17,2024,10,2303
2024-10-18,2024,10,2304
2024-10-21,2024,10,2305
2024-10-22,2024,10,2306
2024-10-23,2024,10,2307
2024-10-24,2024,10,2308
2024-10-25,2024,10,2309
2024-10-29,2024,10,2310
2024-10-30,2024,10,2311
2024-10-31,2024,10,2312
2024-11-01,2024,11,2313
2024-11-04,2024,11,2314
2024-11-05,2024,11,2315
2024-11-06,2024,11,2316
2024-11-07,2024,11,2317
2024-11-08,2024,11,2318
2024-11-11,2024,11,2319
2024-11-12,2024,11,2320
2024-11-13,2024,11,2321
2024-11-14,2024,11,2322
2024-11-18,2024,11,2323
2024-11-19,2024,11,2324
2024-11-21,2024,11,2325
2024-11-22,2024,11,2326
2024-11-25,2024,11,2327
2024-11-26,2024,11,2328
2024-11-27,2024,11,2329
2024-11-28,2024,11,2330
2024-11-29,2024,11,2331
2024-12-02,2024,12,2332
2024-12-03,2024,12,2333
2024-12-05,2024,12,2334
2024-12-06,2024,12,2335
2024-12-09,2024,12,2336
2024-12-10,2024,12,2337
2024-12-11,2024,12,2338
2024-12-12,2024,12,2339
2024-12-13,2024,12,2340
2024-12-16,2024,12,2341
2024-12-17,2024,12,2342
2024-12-18,2024,12,2343
2024-12-19,2024,12,2344
2024-12-20,2024,12,2345
2024-12-23,2024,12,2346
2024-12-24,2024,12,2347
2024-12-26,2024,12,2348
2024-12-27,2024,12,2349
2024-12-30,2024,12,2350
2024-12-31,2024,12,2351
2025-01-09,2025,1,2352
2025-01-10,2025,1,2353
2025-01-13,2025,1,2354
2025-01-14,2025,1,2355
2025-01-15,2025,1,2356
2025-01-16,2025,1,2357
2025-01-17,2025,1,2358
2025-01-20,2025,1,2359
2025-01-21,2025,1,2360
2025-01-22,2025,1,2361
2025-01-23,2025,1,2362
2025-01-24,2025,1,2363
2025-01-27,2025,1,2364
2025-01-28,2025,1,2365
2025-01-29,2025,1,2366
2025-01-30,2025,1,2367
2025-01-31,2025,1,2368
2025-02-03,2025,2,2369
2025-02-04,2025,2,2370
2025-02-05,2025,2,2371
2025-02-06,2025,2,2372
2025-02-07,2025,2,2373
2025-02-10,2025,2,2374
2025-02-11,2025,2,2375
2025-02-12,2025,2,2376
2025-02-13,2025,2,2377
2025-02-14,2025,2,2378
2025-02-17,2025,2,2379
2025-02-18,2025,2,2380
2025-02-19,2025,2,2381
2025-02-20,2025,2,2382
2025-02-21,2025,2,2383
2025-02-24,2025,2,2384
2025-02-25,2025,2,2385
2025-02-26,2025,2,2386
2025-02-27,2025,2,2387
2025-02-28,2025,2,2388
2025-03-05,2025,3,2389
2025-03-06,2025,3,2390
2025-03-07,2025,3,2391
2025-03-10,2025,3,2392
2025-03-11,2025,3,2393
2025-03-12,2025,3,2394
2025-03-13,2025,3,2395
2025-03-14,2025,3,2396
2025-03-17,2025,3,2397
2025-03-18,2025,3,2398
2025-03-19,2025,3,2399
2025-03-20,2025,3,2400
2025-03-21,2025,3,2401
2025-03-24,2025,3,2402
2025-03-25,2025,3,2403
2025-03-26,2025,3,2404
2025-03-27,2025,3,2405
2025-03-28,2025,3,2406
2025-03-31,2025,3,2407
2025-04-01,2025,4,2408
2025-04-02,2025,4,2409
2025-04-03,2025,4,2410
2025-04-04,2025,4,2411
2025-04-07,2025,4,2412
2025-04-08,2025,4,2413
2025-04-09,2025,4,2414
2025-04-10,2025,4,2415
2025-04-11,2025,4,2416
2025-04-14,2025,4,2417
2025-04-15,2025,4,2418
2025-04-16,2025,4,2419
2025-04-17,2025,4,2420
2025-04-22,2025,4,2421
2025-04-23,2025,4,2422
2025-04-24,2025,4,2423
2025-04-25,2025,4,2424
2025-04-29,2025,4,2425
2025-04-30,2025,4,2426
2025-05-05,2025,5,2427
2025-05-06,2025,5,2428
2025-05-07,2025,5,2429
2025-05-08,2025,5,2430
2025-05-09,2025,5,2431
2025-05-12,2025,5,2432
2025-05-13,2025,5,2433
2025-05-14,2025,5,2434
2025-05-15,2025,5,2435
2025-05-16,2025,5,2436
2025-05-19,2025,5,2437
2025-05-20,2025,5,2438
2025-05-21,2025,5,2439
2025-05-22,2025,5,2440
2025-05-23,2025,5,2441
2025-05-26,2025,5,2442
2025-05-27,2025,5,2443
2025-05-28,2025,5,2444
2025-05-29,2025,5,2445
2025-05-30,2025,5,2446
2025-05-31,2025,5,2447
2025-06-02,2025,6,2448
2025-06-03,2025,6,2449
2025-06-04,2025,6,2450
2025-06-05,2025,6,2451
2025-06-06,2025,6,2452
2025-06-09,2025,6,2453
2025-06-10,2025,6,2454
2025-06-11,2025,6,2455
2025-06-12,2025,6,2456
2025-06-13,2025,6,2457
2025-06-16,2025,6,2458
2025-06-17,2025,6,2459
2025-06-18,2025,6,2460
2025-06-20,2025,6,2461
2025-06-23,2025,6,2462
2025-06-24,2025,6,2463
2025-06-25,2025,6,2464
2025-06-26,2025,6,2465
2025-06-27,2025,6,2466
2025-06-30,2025,6,2467
2025-07-01,2025,7,2468
2025-07-02,2025,7,2469
2025-07-03,2025,7,2470
2025-07-04,2025,7,2471
2025-07-07,2025,7,2472
2025-07-08,2025,7,2473
2025-07-09,2025,7,2474
2025-07-10,2025,7,2475
2025-07-11,2025,7,2476
2025-07-14,2025,7,2477
2025-07-15,2025,7,2478
2025-07-16,2025,7,2479
2025-07-17,2025,7,2480
2025-07-18,2025,7,2481
2025-07-21,2025,7,2482
2025-07-22,2025,7,2483
2025-07-23,2025,7,2484
2025-07-24,2025,7,2485
2025-07-25,2025,7,2486
2025-07-28,2025,7,2487
2025-07-29,2025,7,2488
2025-07-30,2025,7,2489
2025-07-31,2025,7,2490
2025-08-01,2025,8,2491
2025-08-04,2025,8,2492
2025-08-05,2025,8,2493
2025-08-06,2025,8,2494
2025-08-07,2025,8,2495
2025-08-08,2025,8,2496
2025-08-11,2025,8,2497
2025-08-12,2025,8,2498
2025-08-13,2025,8,2499
2025-08-14,2025,8,2500
2025-08-18,2025,8,2501
2025-08-19,2025,8,2502
2025-08-20,2025,8,2503
2025-08-21,2025,8,2504
2025-08-22,2025,8,2505
2025-08-25,2025,8,2506
2025-08-26,2025,8,2507
2025-08-27,2025,8,2508
2025-08-28,2025,8,2509
2025-08-29,2025,8,2510
2025-09-01,2025,9,2511
2025-09-02,2025,9,2512
2025-09-03,2025,9,2513
2025-09-04,2025,9,2514
2025-09-05,2025,9,2515
2025-09-08,2025,9,2516
2025-09-09,2025,9,2517
2025-09-10,2025,9,2518
2025-09-11,2025,9,2519
2025-09-12,2025,9,2520
2025-09-15,2025,9,2521
2025-09-16,2025,9,2522
2025-09-17,2025,9,2523
2025-09-18,2025,9,2524
2025-09-19,2025,9,2525
2025-09-22,2025,9,2526
2025-09-23,2025,9,2527
2025-09-24,2025,9,2528
2025-09-25,2025,9,2529
2025-09-26,2025,9,2530
2025-09-29,2025,9,2531
2025-09-30,2025,9,2532
2025-10-01,2025,10,2533
2025-10-02,2025,10,2534
2025-10-03,2025,10,2535
2025-10-06,2025,10,2536
2025-10-07,2025,10,2537
2025-10-08,2025,10,2538
2025-10-09,2025,10,2539
2025-10-10,2025,10,2540
2025-10-13,2025,10,2541
2025-10-14,2025,10,2542
2025-10-15,2025,10,2543
2025-10-16,2025,10,2544
2025-10-17,2025,10,2545
2025-10-20,2025,10,2546
2025-10-21,2025,10,2547
2025-10-22,2025,10,2548
2025-10-23,2025,10,2549
2025-10-24,2025,10,2550
2025-10-28,2025,10,2551
2025-10-29,2025,10,2552
2025-10-30,2025,10,2553
2025-10-31,2025,10,2554
2025-11-03,2025,11,2555
2025-11-04,2025,11,2556
2025-11-05,2025,11,2557
2025-11-06,2025,11,2558
2025-11-07,2025,11,2559
2025-11-10,2025,11,2560
2025-11-11,2025,11,2561
2025-11-12,2025,11,2562
2025-11-13,2025,11,2563
2025-11-14,2025,11,2564
2025-11-17,2025,11,2565
2025-11-18,2025,11,2566
2025-11-19,2025,11,2567
2025-11-21,2025,11,2568
2025-11-24,2025,11,2569
2025-11-25,2025,11,2570
2025-11-26,2025,11,2571
2025-11-27,2025,11,2572
2025-11-28,2025,11,2573
2025-12-01,2025,12,2574
2025-12-02,2025,12,2575
2025-12-03,2025,12,2576
2025-12-04,2025,12,2577
2025-12-05,2025,12,2578
2025-12-08,2025,12,2579
2025-12-09,2025,12,2580
2025-12-10,2025,12,2581
2025-12-11,2025,12,2582
2025-12-12,2025,12,2583
2025-12-15,2025,12,2584
2025-12-16,2025,12,2585
2025-12-17,2025,12,2586
2025-12-18,2025,12,2587
2025-12-19,2025,12,2588
2025-12-22,2025,12,2589
2025-12-23,2025,12,2590
2025-12-24,2025,12,2591
2025-12-29,2025,12,2592
2025-12-30,2025,12,2593
2025-12-31,2025,12,2594
